Customer_ID,Unique_Transactions
CUST-000231,63
CUST-002741,60
CUST-001101,58
CUST-002280,45
CUST-003044,44
CUST-000642,43
CUST-002832,43
CUST-003381,43
CUST-002665,37
CUST-002247,35
CUST-000103,35
CUST-003361,33
CUST-000462,33
CUST-001610,33
CUST-002159,32
CUST-003136,32
CUST-002270,32
CUST-002481,32
CUST-003327,31
CUST-002536,31
CUST-000634,31
CUST-002322,30
CUST-003365,30
CUST-000208,30
CUST-002679,30
CUST-002966,30
CUST-001741,30
CUST-002714,29
CUST-003111,29
CUST-001343,29
CUST-001503,29
CUST-003147,29
CUST-003385,29
CUST-002616,28
CUST-001352,28
CUST-002223,28
CUST-001909,28
CUST-002911,28
CUST-002023,28
CUST-001193,28
CUST-002185,27
CUST-002385,27
CUST-000453,27
CUST-001750,27
CUST-002341,27
CUST-002870,27
CUST-002897,26
CUST-002250,26
CUST-002538,26
CUST-000115,26
CUST-001961,26
CUST-000454,26
CUST-001042,26
CUST-003266,26
CUST-000156,26
CUST-002784,26
CUST-002990,25
CUST-002022,25
CUST-001812,25
CUST-000141,25
CUST-000309,25
CUST-001997,25
CUST-001474,25
CUST-000498,25
CUST-000819,25
CUST-000684,24
CUST-003348,24
CUST-000013,24
CUST-002329,24
CUST-001515,24
CUST-000206,24
CUST-002308,24
CUST-002405,24
CUST-000485,24
CUST-000031,23
CUST-000079,23
CUST-000762,23
CUST-003064,23
CUST-002266,23
CUST-000251,23
CUST-002460,23
CUST-003313,23
CUST-003003,23
CUST-002928,23
CUST-003209,23
CUST-000909,23
CUST-001634,23
CUST-000450,22
CUST-000861,22
CUST-000710,22
CUST-001763,22
CUST-001294,22
CUST-001711,22
CUST-002666,22
CUST-001429,22
CUST-001864,22
CUST-002503,22
CUST-001916,22
CUST-002344,22
CUST-001932,22
CUST-002962,22
CUST-001426,22
CUST-002904,22
CUST-001432,22
CUST-001233,22
CUST-000445,21
CUST-002967,21
CUST-000305,21
CUST-000285,21
CUST-002683,21
CUST-000676,21
CUST-000714,21
CUST-000633,21
CUST-000169,21
CUST-002353,21
CUST-001223,21
CUST-000970,21
CUST-001052,21
CUST-002878,21
CUST-001945,21
CUST-002839,21
CUST-003042,21
CUST-000228,21
CUST-001498,21
CUST-001642,21
CUST-001743,21
CUST-000385,21
CUST-001729,21
CUST-000802,20
CUST-003197,20
CUST-001090,20
CUST-002793,20
CUST-003370,20
CUST-001338,20
CUST-000739,20
CUST-003286,20
CUST-001775,20
CUST-003113,20
CUST-001976,20
CUST-000279,20
CUST-003151,20
CUST-000472,20
CUST-000489,20
CUST-002701,20
CUST-000245,20
CUST-002905,20
CUST-000503,20
CUST-001121,20
CUST-002312,20
CUST-002307,20
CUST-001590,20
CUST-002061,19
CUST-001020,19
CUST-001007,19
CUST-001776,19
CUST-001572,19
CUST-002976,19
CUST-001307,19
CUST-000443,19
CUST-001988,19
CUST-002392,19
CUST-003194,19
CUST-001082,19
CUST-002678,19
CUST-001615,19
CUST-001787,19
CUST-000232,19
CUST-001846,19
CUST-000008,18
CUST-001688,18
CUST-000426,18
CUST-001383,18
CUST-002150,18
CUST-002518,18
CUST-000801,18
CUST-002305,18
CUST-002057,18
CUST-002960,18
CUST-002429,18
CUST-001264,18
CUST-003158,18
CUST-001190,18
CUST-000476,18
CUST-002483,18
CUST-001857,18
CUST-000519,18
CUST-001455,18
CUST-001355,18
CUST-001644,18
CUST-003033,18
CUST-000730,18
CUST-001736,18
CUST-001319,18
CUST-000371,18
CUST-001911,18
CUST-002569,18
CUST-003082,18
CUST-001350,18
CUST-002490,18
CUST-000108,18
CUST-000473,18
CUST-001200,18
CUST-000951,18
CUST-000187,18
CUST-001777,18
CUST-003246,18
CUST-000447,18
CUST-002558,17
CUST-002552,17
CUST-000783,17
CUST-002615,17
CUST-002575,17
CUST-002810,17
CUST-002786,17
CUST-001050,17
CUST-002333,17
CUST-003376,17
CUST-003373,17
CUST-000335,17
CUST-000345,17
CUST-001747,17
CUST-001607,17
CUST-002453,17
CUST-000752,17
CUST-000073,17
CUST-000019,17
CUST-001370,17
CUST-001348,17
CUST-002804,17
CUST-001960,17
CUST-000604,17
CUST-001476,17
CUST-002413,17
CUST-002414,17
CUST-001199,17
CUST-000977,17
CUST-001123,17
CUST-002245,17
CUST-001922,17
CUST-001194,17
CUST-000994,17
CUST-002363,17
CUST-002200,17
CUST-003231,17
CUST-000594,17
CUST-000294,17
CUST-002188,17
CUST-002179,17
CUST-000691,17
CUST-000892,17
CUST-002684,17
CUST-002476,17
CUST-002172,17
CUST-002713,17
CUST-000946,17
CUST-001575,17
CUST-000437,17
CUST-001376,17
CUST-000308,17
CUST-000314,17
CUST-002105,17
CUST-002100,17
CUST-003323,17
CUST-001673,17
CUST-003354,16
CUST-002651,16
CUST-003077,16
CUST-002668,16
CUST-002050,16
CUST-001289,16
CUST-000402,16
CUST-000407,16
CUST-002097,16
CUST-000136,16
CUST-000706,16
CUST-000865,16
CUST-001577,16
CUST-001405,16
CUST-001766,16
CUST-001513,16
CUST-002046,16
CUST-002398,16
CUST-001248,16
CUST-002048,16
CUST-001412,16
CUST-001438,16
CUST-002170,16
CUST-002169,16
CUST-002138,16
CUST-000278,16
CUST-002127,16
CUST-002137,16
CUST-001938,16
CUST-000583,16
CUST-003199,16
CUST-000853,16
CUST-003395,16
CUST-003398,16
CUST-000816,16
CUST-000554,16
CUST-003140,16
CUST-002005,16
CUST-002816,16
CUST-001014,16
CUST-002779,16
CUST-000605,16
CUST-000465,16
CUST-002868,16
CUST-002358,16
CUST-002729,16
CUST-001045,16
CUST-002745,16
CUST-001556,16
CUST-002365,16
CUST-001598,16
CUST-001677,16
CUST-000845,16
CUST-000100,16
CUST-000622,15
CUST-001178,15
CUST-000201,15
CUST-002030,15
CUST-002812,15
CUST-002347,15
CUST-002149,15
CUST-002411,15
CUST-000320,15
CUST-002168,15
CUST-001385,15
CUST-003259,15
CUST-002412,15
CUST-003267,15
CUST-003263,15
CUST-001635,15
CUST-000409,15
CUST-002473,15
CUST-001813,15
CUST-002428,15
CUST-002495,15
CUST-000707,15
CUST-001614,15
CUST-002698,15
CUST-001308,15
CUST-000381,15
CUST-000945,15
CUST-002718,15
CUST-000944,15
CUST-000147,15
CUST-001305,15
CUST-003344,15
CUST-000028,15
CUST-000014,15
CUST-001663,15
CUST-001735,15
CUST-003043,15
CUST-002066,15
CUST-001651,15
CUST-001692,15
CUST-003347,15
CUST-002636,15
CUST-002248,15
CUST-001132,15
CUST-000848,15
CUST-002608,15
CUST-002292,15
CUST-002864,15
CUST-002283,15
CUST-001056,15
CUST-000260,15
CUST-001448,15
CUST-001141,15
CUST-002827,15
CUST-001526,15
CUST-000573,15
CUST-001446,15
CUST-000558,15
CUST-002811,15
CUST-002219,15
CUST-000987,15
CUST-002356,15
CUST-003229,15
CUST-000428,15
CUST-000197,15
CUST-003233,15
CUST-000998,15
CUST-003118,15
CUST-003022,15
CUST-001543,15
CUST-000799,15
CUST-002787,15
CUST-000808,15
CUST-000807,15
CUST-000088,15
CUST-000748,14
CUST-002487,14
CUST-001667,14
CUST-001737,14
CUST-001661,14
CUST-001727,14
CUST-002529,14
CUST-000106,14
CUST-000109,14
CUST-003046,14
CUST-002076,14
CUST-000157,14
CUST-003268,14
CUST-000151,14
CUST-000918,14
CUST-000884,14
CUST-002497,14
CUST-000712,14
CUST-002652,14
CUST-001317,14
CUST-003085,14
CUST-002502,14
CUST-002514,14
CUST-000353,14
CUST-003069,14
CUST-001322,14
CUST-000045,14
CUST-002157,14
CUST-001244,14
CUST-003124,14
CUST-002394,14
CUST-003099,14
CUST-003109,14
CUST-001406,14
CUST-001863,14
CUST-003034,14
CUST-002423,14
CUST-001841,14
CUST-000406,14
CUST-002979,14
CUST-001797,14
CUST-000509,14
CUST-001029,14
CUST-001217,14
CUST-001548,14
CUST-002133,14
CUST-001242,14
CUST-002151,14
CUST-000266,14
CUST-001043,14
CUST-000602,14
CUST-000996,14
CUST-002382,14
CUST-000458,14
CUST-001837,14
CUST-001805,14
CUST-000641,14
CUST-001824,14
CUST-000626,14
CUST-002764,14
CUST-000479,14
CUST-002931,14
CUST-001187,14
CUST-003161,14
CUST-003175,14
CUST-000526,14
CUST-001062,14
CUST-000572,14
CUST-001872,14
CUST-000213,14
CUST-001535,14
CUST-000211,14
CUST-001443,14
CUST-001963,14
CUST-003153,14
CUST-001410,14
CUST-001096,14
CUST-002617,14
CUST-000760,14
CUST-000001,14
CUST-002830,14
CUST-002638,14
CUST-000777,14
CUST-001646,14
CUST-002582,14
CUST-003296,14
CUST-000797,14
CUST-003293,14
CUST-000102,14
CUST-003389,14
CUST-001693,14
CUST-000084,13
CUST-000101,13
CUST-001324,13
CUST-003338,13
CUST-001374,13
CUST-000745,13
CUST-000736,13
CUST-000357,13
CUST-001749,13
CUST-003308,13
CUST-002506,13
CUST-000729,13
CUST-001640,13
CUST-001078,13
CUST-001066,13
CUST-002325,13
CUST-001083,13
CUST-001106,13
CUST-002239,13
CUST-002318,13
CUST-001076,13
CUST-002809,13
CUST-001170,13
CUST-001129,13
CUST-001905,13
CUST-001511,13
CUST-002416,13
CUST-000275,13
CUST-000685,13
CUST-000928,13
CUST-001400,13
CUST-003100,13
CUST-003081,13
CUST-002068,13
CUST-002086,13
CUST-002399,13
CUST-002688,13
CUST-002708,13
CUST-002697,13
CUST-001823,13
CUST-001565,13
CUST-002426,13
CUST-001760,13
CUST-001768,13
CUST-001331,13
CUST-000215,13
CUST-003195,13
CUST-000221,13
CUST-003172,13
CUST-001941,13
CUST-001947,13
CUST-001900,13
CUST-000567,13
CUST-000570,13
CUST-001529,13
CUST-001521,13
CUST-000474,13
CUST-000478,13
CUST-003206,13
CUST-002298,13
CUST-002299,13
CUST-000271,13
CUST-000290,13
CUST-002010,13
CUST-000432,13
CUST-000963,13
CUST-000979,13
CUST-003241,13
CUST-002176,13
CUST-002192,13
CUST-001569,13
CUST-001558,13
CUST-001844,13
CUST-001831,13
CUST-003131,13
CUST-000436,13
CUST-002952,13
CUST-002182,13
CUST-001970,13
CUST-001981,13
CUST-000619,13
CUST-000607,13
CUST-002939,13
CUST-001179,13
CUST-001004,13
CUST-002212,13
CUST-000499,13
CUST-000525,13
CUST-000510,13
CUST-002753,13
CUST-002350,13
CUST-002352,13
CUST-001019,13
CUST-000984,13
CUST-000581,13
CUST-000566,13
CUST-003307,13
CUST-000076,13
CUST-003324,13
CUST-000833,13
CUST-002600,13
CUST-002581,13
CUST-002584,13
CUST-000026,13
CUST-001120,13
CUST-000120,13
CUST-002511,13
CUST-002541,13
CUST-000837,13
CUST-001353,13
CUST-001313,13
CUST-000159,13
CUST-000375,13
CUST-000902,13
CUST-002458,13
CUST-002993,13
CUST-002997,13
CUST-000046,13
CUST-000048,13
CUST-002432,13
CUST-000699,13
CUST-002681,13
CUST-001690,13
CUST-001701,13
CUST-002480,13
CUST-000873,13
CUST-002496,13
CUST-000023,13
CUST-003328,12
CUST-000016,12
CUST-003390,12
CUST-002675,12
CUST-000722,12
CUST-002450,12
CUST-001297,12
CUST-001302,12
CUST-002969,12
CUST-001593,12
CUST-001803,12
CUST-002073,12
CUST-000363,12
CUST-003062,12
CUST-001299,12
CUST-001311,12
CUST-000788,12
CUST-000803,12
CUST-002577,12
CUST-003358,12
CUST-001669,12
CUST-001954,12
CUST-000545,12
CUST-000129,12
CUST-000778,12
CUST-002595,12
CUST-002587,12
CUST-000126,12
CUST-000113,12
CUST-003301,12
CUST-000078,12
CUST-001686,12
CUST-002801,12
CUST-002362,12
CUST-002730,12
CUST-002722,12
CUST-002725,12
CUST-000625,12
CUST-000629,12
CUST-000644,12
CUST-000647,12
CUST-000613,12
CUST-000989,12
CUST-002369,12
CUST-000590,12
CUST-002929,12
CUST-002208,12
CUST-002194,12
CUST-002233,12
CUST-002221,12
CUST-002225,12
CUST-001219,12
CUST-001436,12
CUST-003120,12
CUST-003122,12
CUST-000435,12
CUST-000456,12
CUST-002959,12
CUST-002187,12
CUST-001836,12
CUST-002059,12
CUST-001269,12
CUST-000635,12
CUST-000965,12
CUST-002294,12
CUST-003142,12
CUST-001226,12
CUST-002909,12
CUST-000212,12
CUST-003212,12
CUST-003202,12
CUST-001501,12
CUST-001912,12
CUST-000269,12
CUST-001524,12
CUST-003177,12
CUST-001925,12
CUST-000199,12
CUST-002421,12
CUST-002070,12
CUST-000669,12
CUST-000686,12
CUST-002047,12
CUST-003098,12
CUST-000324,12
CUST-003123,12
CUST-000420,12
CUST-001243,12
CUST-002167,12
CUST-001285,12
CUST-001290,12
CUST-001304,12
CUST-001127,12
CUST-001135,12
CUST-001920,12
CUST-000248,12
CUST-000239,12
CUST-000511,12
CUST-002890,12
CUST-002879,12
CUST-002892,12
CUST-002234,12
CUST-001158,12
CUST-002317,12
CUST-001067,12
CUST-001074,12
CUST-000549,12
CUST-001081,12
CUST-001088,12
CUST-002002,12
CUST-001391,12
CUST-001407,12
CUST-002658,12
CUST-002661,12
CUST-002662,12
CUST-002524,12
CUST-001753,12
CUST-002513,12
CUST-002501,12
CUST-002642,12
CUST-002645,12
CUST-001316,12
CUST-003059,12
CUST-000341,12
CUST-000347,12
CUST-003083,12
CUST-001325,12
CUST-000066,12
CUST-003355,12
CUST-001354,12
CUST-000087,12
CUST-003279,12
CUST-000049,12
CUST-000060,11
CUST-001675,11
CUST-001699,11
CUST-000069,11
CUST-001716,11
CUST-003340,11
CUST-003386,11
CUST-003394,11
CUST-001714,11
CUST-003336,11
CUST-000017,11
CUST-001740,11
CUST-003288,11
CUST-002902,11
CUST-001184,11
CUST-001185,11
CUST-001234,11
CUST-001239,11
CUST-000484,11
CUST-002943,11
CUST-002171,11
CUST-002162,11
CUST-002963,11
CUST-002873,11
CUST-002862,11
CUST-002142,11
CUST-002267,11
CUST-000532,11
CUST-002284,11
CUST-002857,11
CUST-002845,11
CUST-003226,11
CUST-003228,11
CUST-000191,11
CUST-000821,11
CUST-001586,11
CUST-001793,11
CUST-000171,11
CUST-000741,11
CUST-000747,11
CUST-000842,11
CUST-002653,11
CUST-000750,11
CUST-002984,11
CUST-002972,11
CUST-000408,11
CUST-002277,11
CUST-002797,11
CUST-002324,11
CUST-001300,11
CUST-002121,11
CUST-002103,11
CUST-002303,11
CUST-002296,11
CUST-001073,11
CUST-001047,11
CUST-001048,11
CUST-000387,11
CUST-001100,11
CUST-001091,11
CUST-001849,11
CUST-000224,11
CUST-000210,11
CUST-001542,11
CUST-001826,11
CUST-001840,11
CUST-001860,11
CUST-000196,11
CUST-001551,11
CUST-000893,11
CUST-000864,11
CUST-000859,11
CUST-002065,11
CUST-003032,11
CUST-003020,11
CUST-003021,11
CUST-000597,11
CUST-002771,11
CUST-002074,11
CUST-002077,11
CUST-002078,11
CUST-001334,11
CUST-000560,11
CUST-002825,11
CUST-000595,11
CUST-001341,11
CUST-001327,11
CUST-001332,11
CUST-001333,11
CUST-003167,11
CUST-003156,11
CUST-000244,11
CUST-000246,11
CUST-002672,11
CUST-002682,11
CUST-000716,11
CUST-001908,11
CUST-000940,11
CUST-002440,11
CUST-001894,11
CUST-003216,11
CUST-000226,11
CUST-001486,11
CUST-001892,11
CUST-003055,11
CUST-003057,11
CUST-000338,11
CUST-000992,11
CUST-000995,11
CUST-002366,11
CUST-002371,11
CUST-002359,11
CUST-003067,11
CUST-001359,11
CUST-002349,11
CUST-000311,11
CUST-002056,11
CUST-003125,11
CUST-001371,11
CUST-001413,11
CUST-001983,11
CUST-000291,11
CUST-000931,11
CUST-000933,11
CUST-000920,11
CUST-001442,11
CUST-001923,11
CUST-001468,11
CUST-000668,11
CUST-002706,11
CUST-002726,11
CUST-002715,11
CUST-000687,11
CUST-003181,11
CUST-000262,11
CUST-002703,11
CUST-002409,11
CUST-002402,11
CUST-000962,11
CUST-003089,11
CUST-002036,11
CUST-003108,11
CUST-002380,11
CUST-002760,11
CUST-000978,11
CUST-000972,11
CUST-000960,11
CUST-000636,11
CUST-000296,11
CUST-000267,11
CUST-002024,11
CUST-000096,11
CUST-000080,11
CUST-001654,11
CUST-000040,11
CUST-000505,11
CUST-002899,11
CUST-001125,11
CUST-002264,11
CUST-000501,11
CUST-000522,11
CUST-000502,11
CUST-002917,11
CUST-002251,11
CUST-001114,11
CUST-001168,11
CUST-000146,11
CUST-001794,11
CUST-002631,11
CUST-002637,11
CUST-001613,11
CUST-002591,11
CUST-000771,11
CUST-002612,11
CUST-001617,11
CUST-001608,11
CUST-001620,11
CUST-000131,10
CUST-000105,10
CUST-000110,10
CUST-001616,10
CUST-000127,10
CUST-001621,10
CUST-002589,10
CUST-002551,10
CUST-000769,10
CUST-002626,10
CUST-002574,10
CUST-001780,10
CUST-001771,10
CUST-001628,10
CUST-001631,10
CUST-003265,10
CUST-003243,10
CUST-003275,10
CUST-000160,10
CUST-000148,10
CUST-000137,10
CUST-002926,10
CUST-002927,10
CUST-002910,10
CUST-001160,10
CUST-002274,10
CUST-001136,10
CUST-002204,10
CUST-000508,10
CUST-002232,10
CUST-002903,10
CUST-002885,10
CUST-003329,10
CUST-001718,10
CUST-000042,10
CUST-000092,10
CUST-000071,10
CUST-001660,10
CUST-000284,10
CUST-003132,10
CUST-001998,10
CUST-003138,10
CUST-001397,10
CUST-001375,10
CUST-001378,10
CUST-002744,10
CUST-002736,10
CUST-002373,10
CUST-000651,10
CUST-000654,10
CUST-000639,10
CUST-002743,10
CUST-000959,10
CUST-000298,10
CUST-000302,10
CUST-003091,10
CUST-002041,10
CUST-000249,10
CUST-003165,10
CUST-000253,10
CUST-002700,10
CUST-000929,10
CUST-000930,10
CUST-001444,10
CUST-001428,10
CUST-001424,10
CUST-001987,10
CUST-001975,10
CUST-001992,10
CUST-001994,10
CUST-000316,10
CUST-000318,10
CUST-000310,10
CUST-003114,10
CUST-001360,10
CUST-002354,10
CUST-000988,10
CUST-001039,10
CUST-001031,10
CUST-001033,10
CUST-000993,10
CUST-000985,10
CUST-003058,10
CUST-001315,10
CUST-000360,10
CUST-000346,10
CUST-003075,10
CUST-003214,10
CUST-001488,10
CUST-003211,10
CUST-002420,10
CUST-000941,10
CUST-002674,10
CUST-002438,10
CUST-002431,10
CUST-000720,10
CUST-000700,10
CUST-000704,10
CUST-002446,10
CUST-000717,10
CUST-001901,10
CUST-001496,10
CUST-001921,10
CUST-001906,10
CUST-003078,10
CUST-003079,10
CUST-000354,10
CUST-001337,10
CUST-002803,10
CUST-002805,10
CUST-002824,10
CUST-000593,10
CUST-002772,10
CUST-000609,10
CUST-002064,10
CUST-001336,10
CUST-003036,10
CUST-000383,10
CUST-000362,10
CUST-000888,10
CUST-000890,10
CUST-002475,10
CUST-002466,10
CUST-000868,10
CUST-002478,10
CUST-002471,10
CUST-002498,10
CUST-002484,10
CUST-002485,10
CUST-000879,10
CUST-001554,10
CUST-001838,10
CUST-001561,10
CUST-001859,10
CUST-001855,10
CUST-001877,10
CUST-001520,10
CUST-000220,10
CUST-003193,10
CUST-000364,10
CUST-002082,10
CUST-003060,10
CUST-001098,10
CUST-001079,10
CUST-002306,10
CUST-002293,10
CUST-002295,10
CUST-002331,10
CUST-001291,10
CUST-002098,10
CUST-003001,10
CUST-002983,10
CUST-002975,10
CUST-002276,10
CUST-001796,10
CUST-001785,10
CUST-003272,10
CUST-000724,10
CUST-002644,10
CUST-002650,10
CUST-000755,10
CUST-002519,10
CUST-002523,10
CUST-002510,10
CUST-002669,10
CUST-002545,10
CUST-001581,10
CUST-003220,10
CUST-001588,10
CUST-000172,10
CUST-000174,10
CUST-000176,10
CUST-000189,10
CUST-000907,10
CUST-000542,10
CUST-002820,10
CUST-002843,10
CUST-000551,10
CUST-002143,10
CUST-002123,10
CUST-001263,10
CUST-002152,10
CUST-002942,10
CUST-001220,10
CUST-001225,10
CUST-000467,10
CUST-001235,10
CUST-000491,10
CUST-001765,10
CUST-001756,10
CUST-003289,10
CUST-003297,10
CUST-000005,10
CUST-002585,10
CUST-000800,10
CUST-003364,10
CUST-000035,10
CUST-001713,10
CUST-000004,10
CUST-003332,10
CUST-001715,10
CUST-000057,10
CUST-001705,10
CUST-001758,9
CUST-001762,9
CUST-003306,9
CUST-000119,9
CUST-000125,9
CUST-000112,9
CUST-003285,9
CUST-003276,9
CUST-003277,9
CUST-003333,9
CUST-003341,9
CUST-003351,9
CUST-001706,9
CUST-001695,9
CUST-001698,9
CUST-003350,9
CUST-001700,9
CUST-001671,9
CUST-003363,9
CUST-001676,9
CUST-003388,9
CUST-000007,9
CUST-003331,9
CUST-003319,9
CUST-001725,9
CUST-000065,9
CUST-002237,9
CUST-002876,9
CUST-000520,9
CUST-002217,9
CUST-002209,9
CUST-002199,9
CUST-001198,9
CUST-001189,9
CUST-001137,9
CUST-001143,9
CUST-001134,9
CUST-001126,9
CUST-001177,9
CUST-001157,9
CUST-001150,9
CUST-002253,9
CUST-002249,9
CUST-001180,9
CUST-001181,9
CUST-002934,9
CUST-002908,9
CUST-002913,9
CUST-000470,9
CUST-000466,9
CUST-001238,9
CUST-001576,9
CUST-000852,9
CUST-002535,9
CUST-002537,9
CUST-002657,9
CUST-000733,9
CUST-000725,9
CUST-000731,9
CUST-002492,9
CUST-001789,9
CUST-003274,9
CUST-000164,9
CUST-000145,9
CUST-000143,9
CUST-003262,9
CUST-003251,9
CUST-003253,9
CUST-001228,9
CUST-001218,9
CUST-001222,9
CUST-002953,9
CUST-000444,9
CUST-002165,9
CUST-001275,9
CUST-002158,9
CUST-002136,9
CUST-002125,9
CUST-002859,9
CUST-002499,9
CUST-000881,9
CUST-002482,9
CUST-002474,9
CUST-002456,9
CUST-000912,9
CUST-000913,9
CUST-000908,9
CUST-000185,9
CUST-000188,9
CUST-000178,9
CUST-000181,9
CUST-000184,9
CUST-001602,9
CUST-001571,9
CUST-000219,9
CUST-000203,9
CUST-001879,9
CUST-001880,9
CUST-001868,9
CUST-001507,9
CUST-001842,9
CUST-001564,9
CUST-001568,9
CUST-001553,9
CUST-001825,9
CUST-001828,9
CUST-001822,9
CUST-003240,9
CUST-000194,9
CUST-002863,9
CUST-002858,9
CUST-000556,9
CUST-000546,9
CUST-002287,9
CUST-002278,9
CUST-002282,9
CUST-002119,9
CUST-000417,9
CUST-000418,9
CUST-000401,9
CUST-002978,9
CUST-002981,9
CUST-002113,9
CUST-001293,9
CUST-001286,9
CUST-003154,9
CUST-001930,9
CUST-001493,9
CUST-002449,9
CUST-002451,9
CUST-002692,9
CUST-002663,9
CUST-002443,9
CUST-002427,9
CUST-000949,9
CUST-000939,9
CUST-003213,9
CUST-003208,9
CUST-000225,9
CUST-002093,9
CUST-002080,9
CUST-002807,9
CUST-002345,9
CUST-002337,9
CUST-002330,9
CUST-002311,9
CUST-001111,9
CUST-002084,9
CUST-003050,9
CUST-003053,9
CUST-003045,9
CUST-000380,9
CUST-000372,9
CUST-001452,9
CUST-001926,9
CUST-001927,9
CUST-000934,9
CUST-000679,9
CUST-000666,9
CUST-000667,9
CUST-000665,9
CUST-002704,9
CUST-002702,9
CUST-002389,9
CUST-003185,9
CUST-000264,9
CUST-000252,9
CUST-000257,9
CUST-000242,9
CUST-000247,9
CUST-003162,9
CUST-003168,9
CUST-003030,9
CUST-002088,9
CUST-002072,9
CUST-002339,9
CUST-000612,9
CUST-000599,9
CUST-000601,9
CUST-000592,9
CUST-000586,9
CUST-000574,9
CUST-000571,9
CUST-000559,9
CUST-002806,9
CUST-001318,9
CUST-001309,9
CUST-003084,9
CUST-002021,9
CUST-003139,9
CUST-000289,9
CUST-000281,9
CUST-000273,9
CUST-003134,9
CUST-001980,9
CUST-001985,9
CUST-001967,9
CUST-001440,9
CUST-001418,9
CUST-001421,9
CUST-001422,9
CUST-001959,9
CUST-001949,9
CUST-001471,9
CUST-001449,9
CUST-000358,9
CUST-000342,9
CUST-001310,9
CUST-002377,9
CUST-001008,9
CUST-001009,9
CUST-001002,9
CUST-001003,9
CUST-000986,9
CUST-001046,9
CUST-001032,9
CUST-001017,9
CUST-001018,9
CUST-001021,9
CUST-001368,9
CUST-001372,9
CUST-001351,9
CUST-001357,9
CUST-001345,9
CUST-001347,9
CUST-002060,9
CUST-000312,9
CUST-002043,9
CUST-000968,9
CUST-000971,9
CUST-000964,9
CUST-000648,9
CUST-002721,9
CUST-002383,9
CUST-002386,9
CUST-001394,9
CUST-001398,9
CUST-001386,9
CUST-000054,9
CUST-000059,9
CUST-003380,9
CUST-003383,9
CUST-003378,9
CUST-003368,9
CUST-002586,9
CUST-001754,9
CUST-001734,9
CUST-000037,9
CUST-003257,9
CUST-003249,9
CUST-001778,9
CUST-002573,9
CUST-002578,9
CUST-002579,9
CUST-002632,9
CUST-002614,9
CUST-002618,9
CUST-000775,9
CUST-000758,9
CUST-002605,9
CUST-002563,9
CUST-000847,9
CUST-000850,9
CUST-001622,9
CUST-001612,9
CUST-000122,8
CUST-002556,8
CUST-001632,8
CUST-001625,8
CUST-001627,8
CUST-000781,8
CUST-000761,8
CUST-002604,8
CUST-002590,8
CUST-002580,8
CUST-002566,8
CUST-002572,8
CUST-002561,8
CUST-002634,8
CUST-001629,8
CUST-001630,8
CUST-001739,8
CUST-001662,8
CUST-001659,8
CUST-001726,8
CUST-000053,8
CUST-000097,8
CUST-000074,8
CUST-001113,8
CUST-001119,8
CUST-001175,8
CUST-001165,8
CUST-001152,8
CUST-001145,8
CUST-001138,8
CUST-001142,8
CUST-000844,8
CUST-000826,8
CUST-002532,8
CUST-000487,8
CUST-000475,8
CUST-000463,8
CUST-001149,8
CUST-002244,8
CUST-001788,8
CUST-002539,8
CUST-000753,8
CUST-000744,8
CUST-000732,8
CUST-001573,8
CUST-001574,8
CUST-000841,8
CUST-001213,8
CUST-002191,8
CUST-002174,8
CUST-002175,8
CUST-000158,8
CUST-003254,8
CUST-000726,8
CUST-001798,8
CUST-001965,8
CUST-001381,8
CUST-003150,8
CUST-003137,8
CUST-000562,8
CUST-001339,8
CUST-001323,8
CUST-003074,8
CUST-001469,8
CUST-001462,8
CUST-001427,8
CUST-001431,8
CUST-001989,8
CUST-001993,8
CUST-001982,8
CUST-001979,8
CUST-000349,8
CUST-000351,8
CUST-000340,8
CUST-003070,8
CUST-001367,8
CUST-001952,8
CUST-001933,8
CUST-001466,8
CUST-002351,8
CUST-000997,8
CUST-001024,8
CUST-001025,8
CUST-001030,8
CUST-002376,8
CUST-001011,8
CUST-001013,8
CUST-002717,8
CUST-000391,8
CUST-000386,8
CUST-003031,8
CUST-003028,8
CUST-002302,8
CUST-001103,8
CUST-001102,8
CUST-000976,8
CUST-003176,8
CUST-000689,8
CUST-000677,8
CUST-002707,8
CUST-001456,8
CUST-000924,8
CUST-000926,8
CUST-003015,8
CUST-002071,8
CUST-002792,8
CUST-002778,8
CUST-000258,8
CUST-002689,8
CUST-002690,8
CUST-002401,8
CUST-002758,8
CUST-002823,8
CUST-002817,8
CUST-000589,8
CUST-002782,8
CUST-000617,8
CUST-000606,8
CUST-002774,8
CUST-001917,8
CUST-001907,8
CUST-001902,8
CUST-001499,8
CUST-001489,8
CUST-002957,8
CUST-002112,8
CUST-001295,8
CUST-002441,8
CUST-002433,8
CUST-000937,8
CUST-002693,8
CUST-000721,8
CUST-000709,8
CUST-000713,8
CUST-000692,8
CUST-002301,8
CUST-001279,8
CUST-002081,8
CUST-001482,8
CUST-001485,8
CUST-001889,8
CUST-001891,8
CUST-002677,8
CUST-001092,8
CUST-002085,8
CUST-001072,8
CUST-001059,8
CUST-002316,8
CUST-002319,8
CUST-002313,8
CUST-002314,8
CUST-001510,8
CUST-001850,8
CUST-001856,8
CUST-000229,8
CUST-000223,8
CUST-000209,8
CUST-003218,8
CUST-003224,8
CUST-000195,8
CUST-002494,8
CUST-001848,8
CUST-001570,8
CUST-001547,8
CUST-001869,8
CUST-001871,8
CUST-001508,8
CUST-002281,8
CUST-002865,8
CUST-002854,8
CUST-002846,8
CUST-000550,8
CUST-001815,8
CUST-001807,8
CUST-001808,8
CUST-001298,8
CUST-003008,8
CUST-000422,8
CUST-000414,8
CUST-002999,8
CUST-002829,8
CUST-002819,8
CUST-002285,8
CUST-000434,8
CUST-002949,8
CUST-002950,8
CUST-002941,8
CUST-002946,8
CUST-000452,8
CUST-000440,8
CUST-001232,8
CUST-002117,8
CUST-002118,8
CUST-001084,8
CUST-002869,8
CUST-002874,8
CUST-000429,8
CUST-000430,8
CUST-000433,8
CUST-002452,8
CUST-002457,8
CUST-002444,8
CUST-000886,8
CUST-000854,8
CUST-002470,8
CUST-002464,8
CUST-002114,8
CUST-001600,8
CUST-001592,8
CUST-001594,8
CUST-001579,8
CUST-000182,8
CUST-000183,8
CUST-000168,8
CUST-002465,8
CUST-001703,8
CUST-001697,8
CUST-003287,8
CUST-003281,8
CUST-003339,8
CUST-001619,8
CUST-000130,8
CUST-002592,8
CUST-000515,8
CUST-000494,8
CUST-000077,8
CUST-001709,8
CUST-001712,8
CUST-002235,8
CUST-001668,8
CUST-003397,8
CUST-002218,8
CUST-002214,8
CUST-002215,8
CUST-002202,8
CUST-002203,8
CUST-002884,8
CUST-002888,8
CUST-002882,8
CUST-001130,8
CUST-001133,8
CUST-001203,8
CUST-001204,8
CUST-002273,8
CUST-002258,8
CUST-002262,8
CUST-002867,8
CUST-000973,8
CUST-000966,8
CUST-000955,8
CUST-002053,8
CUST-003126,8
CUST-003107,8
CUST-003110,8
CUST-000306,8
CUST-001390,8
CUST-002748,8
CUST-002752,8
CUST-000627,8
CUST-000628,8
CUST-002742,8
CUST-002720,8
CUST-003095,8
CUST-000036,8
CUST-000070,8
CUST-000058,8
CUST-000061,8
CUST-000062,8
CUST-003382,8
CUST-002381,8
CUST-002039,8
CUST-000810,8
CUST-000795,8
CUST-001764,8
CUST-001755,8
CUST-003374,8
CUST-003369,8
CUST-000029,8
CUST-000033,8
CUST-001751,7
CUST-000012,7
CUST-000086,7
CUST-000090,7
CUST-003325,7
CUST-001618,7
CUST-000166,7
CUST-003314,7
CUST-000162,7
CUST-000161,7
CUST-001653,7
CUST-001649,7
CUST-001731,7
CUST-001733,7
CUST-001647,7
CUST-001717,7
CUST-001645,7
CUST-001672,7
CUST-001176,7
CUST-001115,7
CUST-000030,7
CUST-000006,7
CUST-000044,7
CUST-003393,7
CUST-002393,7
CUST-002395,7
CUST-000974,7
CUST-000975,7
CUST-003384,7
CUST-000024,7
CUST-001202,7
CUST-001205,7
CUST-002388,7
CUST-002391,7
CUST-003184,7
CUST-003188,7
CUST-001580,7
CUST-000255,7
CUST-003169,7
CUST-000237,7
CUST-000240,7
CUST-000202,7
CUST-002334,7
CUST-002336,7
CUST-001068,7
CUST-001155,7
CUST-003182,7
CUST-002243,7
CUST-002255,7
CUST-002332,7
CUST-000321,7
CUST-000322,7
CUST-000323,7
CUST-000328,7
CUST-001800,7
CUST-001802,7
CUST-000304,7
CUST-003097,7
CUST-003101,7
CUST-003105,7
CUST-001587,7
CUST-001589,7
CUST-001795,7
CUST-001633,7
CUST-001769,7
CUST-003196,7
CUST-003200,7
CUST-000218,7
CUST-001195,7
CUST-001196,7
CUST-002387,7
CUST-002367,7
CUST-002368,7
CUST-002197,7
CUST-001040,7
CUST-001016,7
CUST-001191,7
CUST-001192,7
CUST-000911,7
CUST-002454,7
CUST-001214,7
CUST-001221,7
CUST-002186,7
CUST-002177,7
CUST-002468,7
CUST-001854,7
CUST-001560,7
CUST-001563,7
CUST-000332,7
CUST-000334,7
CUST-003041,7
CUST-003052,7
CUST-000370,7
CUST-001853,7
CUST-003143,7
CUST-003155,7
CUST-001830,7
CUST-000339,7
CUST-000270,7
CUST-003128,7
CUST-003135,7
CUST-000943,7
CUST-002424,7
CUST-000923,7
CUST-000932,7
CUST-002415,7
CUST-002400,7
CUST-002407,7
CUST-002528,7
CUST-000936,7
CUST-001260,7
CUST-002161,7
CUST-002146,7
CUST-002148,7
CUST-002509,7
CUST-001538,7
CUST-002977,7
CUST-002961,7
CUST-003087,7
CUST-000352,7
CUST-000355,7
CUST-000356,7
CUST-002992,7
CUST-001861,7
CUST-001862,7
CUST-001506,7
CUST-001839,7
CUST-003076,7
CUST-003080,7
CUST-002491,7
CUST-002500,7
CUST-000878,7
CUST-001256,7
CUST-002459,7
CUST-002462,7
CUST-002521,7
CUST-002602,7
CUST-000815,7
CUST-000817,7
CUST-002588,7
CUST-000883,7
CUST-002140,7
CUST-002116,7
CUST-002122,7
CUST-002597,7
CUST-002599,7
CUST-002924,7
CUST-002925,7
CUST-000488,7
CUST-000492,7
CUST-001441,7
CUST-002900,7
CUST-002895,7
CUST-000521,7
CUST-000524,7
CUST-001491,7
CUST-003024,7
CUST-003026,7
CUST-003027,7
CUST-003010,7
CUST-002918,7
CUST-000480,7
CUST-001895,7
CUST-001887,7
CUST-001870,7
CUST-000368,7
CUST-002115,7
CUST-001301,7
CUST-001306,7
CUST-000794,7
CUST-002131,7
CUST-002139,7
CUST-002550,7
CUST-002553,7
CUST-000823,7
CUST-002107,7
CUST-002111,7
CUST-002625,7
CUST-000780,7
CUST-002565,7
CUST-002091,7
CUST-002075,7
CUST-000787,7
CUST-002621,7
CUST-002856,7
CUST-000553,7
CUST-000555,7
CUST-001948,7
CUST-001950,7
CUST-000540,7
CUST-000547,7
CUST-000535,7
CUST-000439,7
CUST-000441,7
CUST-000539,7
CUST-001451,7
CUST-001897,7
CUST-002964,7
CUST-002970,7
CUST-001314,7
CUST-000767,7
CUST-000772,7
CUST-001287,7
CUST-002594,7
CUST-002079,7
CUST-001373,7
CUST-002687,7
CUST-001358,7
CUST-001361,7
CUST-001363,7
CUST-002603,7
CUST-001344,7
CUST-001346,7
CUST-002040,7
CUST-001404,7
CUST-000579,7
CUST-002802,7
CUST-000563,7
CUST-002790,7
CUST-000615,7
CUST-001977,7
CUST-000596,7
CUST-000598,7
CUST-000614,7
CUST-002770,7
CUST-000565,7
CUST-000517,7
CUST-001956,7
CUST-001470,7
CUST-001454,7
CUST-002673,7
CUST-002062,7
CUST-002641,7
CUST-000727,7
CUST-002627,7
CUST-002639,7
CUST-001395,7
CUST-002029,7
CUST-001377,7
CUST-001380,7
CUST-000740,7
CUST-002004,7
CUST-002009,7
CUST-002011,7
CUST-000649,7
CUST-002759,7
CUST-002735,7
CUST-000682,7
CUST-000671,7
CUST-000673,7
CUST-000663,7
CUST-002709,7
CUST-002738,7
CUST-002732,7
CUST-001996,7
CUST-001972,7
CUST-000674,7
CUST-000680,7
CUST-001435,7
CUST-001439,7
CUST-001414,7
CUST-000584,7
CUST-003238,7
CUST-003239,7
CUST-001643,7
CUST-001722,7
CUST-003219,7
CUST-001124,7
CUST-001173,7
CUST-000193,7
CUST-003335,7
CUST-000047,7
CUST-000051,7
CUST-000052,7
CUST-002261,7
CUST-002263,7
CUST-002240,7
CUST-001060,7
CUST-001049,7
CUST-001144,7
CUST-002300,7
CUST-001089,7
CUST-001097,7
CUST-002229,7
CUST-001689,7
CUST-000118,7
CUST-000128,7
CUST-001107,7
CUST-001723,7
CUST-001724,7
CUST-001696,7
CUST-001707,7
CUST-001680,7
CUST-001658,6
CUST-001708,6
CUST-001710,6
CUST-001684,6
CUST-000123,6
CUST-000124,6
CUST-003299,6
CUST-002297,6
CUST-002286,6
CUST-002290,6
CUST-002259,6
CUST-002227,6
CUST-002304,6
CUST-002315,6
CUST-001105,6
CUST-001147,6
CUST-003356,6
CUST-000063,6
CUST-001117,6
CUST-001131,6
CUST-001171,6
CUST-001174,6
CUST-000179,6
CUST-000200,6
CUST-003232,6
CUST-003234,6
CUST-001075,6
CUST-001163,6
CUST-003180,6
CUST-000265,6
CUST-000241,6
CUST-000205,6
CUST-003187,6
CUST-003192,6
CUST-003104,6
CUST-003115,6
CUST-000319,6
CUST-001151,6
CUST-001154,6
CUST-002241,6
CUST-002242,6
CUST-002326,6
CUST-003201,6
CUST-001599,6
CUST-001601,6
CUST-000300,6
CUST-000301,6
CUST-000303,6
CUST-000299,6
CUST-003073,6
CUST-001006,6
CUST-001038,6
CUST-001022,6
CUST-002361,6
CUST-002226,6
CUST-001783,6
CUST-001772,6
CUST-000230,6
CUST-002035,6
CUST-002044,6
CUST-000718,6
CUST-000723,6
CUST-002685,6
CUST-001349,6
CUST-002607,6
CUST-002610,6
CUST-001946,6
CUST-002781,6
CUST-002783,6
CUST-002767,6
CUST-002773,6
CUST-001417,6
CUST-002808,6
CUST-001434,6
CUST-001937,6
CUST-001463,6
CUST-000493,6
CUST-002883,6
CUST-000506,6
CUST-000514,6
CUST-001957,6
CUST-001408,6
CUST-002034,6
CUST-002670,6
CUST-002671,6
CUST-000694,6
CUST-002649,6
CUST-002655,6
CUST-002052,6
CUST-001935,6
CUST-002847,6
CUST-002090,6
CUST-002095,6
CUST-001335,6
CUST-002067,6
CUST-002623,6
CUST-000774,6
CUST-000785,6
CUST-000538,6
CUST-002835,6
CUST-002836,6
CUST-002837,6
CUST-000500,6
CUST-002848,6
CUST-002849,6
CUST-000552,6
CUST-001447,6
CUST-001903,6
CUST-001919,6
CUST-001505,6
CUST-000455,6
CUST-000457,6
CUST-002945,6
CUST-000449,6
CUST-002611,6
CUST-000759,6
CUST-002593,6
CUST-002596,6
CUST-000766,6
CUST-000768,6
CUST-000770,6
CUST-001283,6
CUST-000880,6
CUST-000874,6
CUST-000875,6
CUST-002479,6
CUST-002461,6
CUST-002520,6
CUST-002488,6
CUST-002507,6
CUST-002935,6
CUST-000431,6
CUST-001929,6
CUST-002141,6
CUST-002129,6
CUST-002106,6
CUST-000820,6
CUST-002583,6
CUST-001881,6
CUST-001534,6
CUST-003038,6
CUST-000369,6
CUST-003023,6
CUST-002898,6
CUST-002893,6
CUST-001483,6
CUST-001280,6
CUST-002564,6
CUST-002555,6
CUST-000839,6
CUST-000840,6
CUST-000806,6
CUST-000793,6
CUST-001473,6
CUST-002522,6
CUST-002526,6
CUST-001272,6
CUST-001253,6
CUST-002410,6
CUST-002417,6
CUST-002403,6
CUST-002406,6
CUST-000403,6
CUST-003004,6
CUST-003013,6
CUST-001893,6
CUST-002155,6
CUST-000830,6
CUST-002547,6
CUST-000822,6
CUST-002996,6
CUST-002987,6
CUST-002958,6
CUST-001536,6
CUST-001537,6
CUST-000421,6
CUST-000425,6
CUST-000399,6
CUST-000877,6
CUST-001257,6
CUST-001512,6
CUST-001843,6
CUST-003088,6
CUST-000348,6
CUST-000397,6
CUST-002995,6
CUST-002164,6
CUST-002469,6
CUST-000910,6
CUST-000901,6
CUST-001227,6
CUST-002372,6
CUST-001001,6
CUST-001005,6
CUST-000373,6
CUST-000382,6
CUST-001847,6
CUST-001834,6
CUST-000361,6
CUST-001519,6
CUST-001224,6
CUST-002190,6
CUST-003127,6
CUST-000254,6
CUST-000233,6
CUST-003148,6
CUST-001821,6
CUST-001603,6
CUST-003061,6
CUST-003048,6
CUST-002448,6
CUST-002437,6
CUST-000948,6
CUST-002430,6
CUST-001215,6
CUST-001216,6
CUST-000283,6
CUST-003119,6
CUST-000116,6
CUST-003315,6
CUST-001606,6
CUST-003330,6
CUST-001742,6
CUST-003326,6
CUST-001752,6
CUST-003205,6
CUST-003377,6
CUST-003379,6
CUST-001720,6
CUST-001648,6
CUST-001639,6
CUST-003305,6
CUST-003304,6
CUST-003317,6
CUST-000957,6
CUST-000032,6
CUST-000010,6
CUST-000011,6
CUST-000111,6
CUST-001678,6
CUST-003367,6
CUST-003372,6
CUST-003171,6
CUST-003174,6
CUST-001584,6
CUST-001208,6
CUST-001209,6
CUST-001182,6
CUST-001186,6
CUST-000956,6
CUST-000643,6
CUST-002749,6
CUST-001399,6
CUST-001382,6
CUST-002659,6
CUST-000756,6
CUST-000786,6
CUST-002031,6
CUST-002699,6
CUST-002710,6
CUST-000715,6
CUST-000670,6
CUST-000672,6
CUST-002016,6
CUST-002018,6
CUST-000640,6
CUST-001964,6
CUST-001409,6
CUST-002840,6
CUST-000585,6
CUST-001995,6
CUST-002000,6
CUST-001974,6
CUST-000681,6
CUST-003217,6
CUST-000139,6
CUST-000142,6
CUST-000149,6
CUST-003247,6
CUST-003256,6
CUST-003237,6
CUST-001437,6
CUST-000002,5
CUST-001682,5
CUST-001694,5
CUST-003298,5
CUST-000107,5
CUST-000134,5
CUST-003284,5
CUST-003292,5
CUST-003295,5
CUST-000167,5
CUST-003273,5
CUST-001093,5
CUST-001094,5
CUST-002260,5
CUST-002275,5
CUST-002279,5
CUST-001122,5
CUST-001139,5
CUST-003346,5
CUST-003349,5
CUST-003357,5
CUST-003360,5
CUST-001757,5
CUST-001759,5
CUST-001609,5
CUST-001665,5
CUST-001738,5
CUST-001745,5
CUST-003260,5
CUST-003252,5
CUST-000175,5
CUST-000177,5
CUST-003207,5
CUST-003225,5
CUST-003230,5
CUST-001597,5
CUST-000227,5
CUST-002252,5
CUST-002256,5
CUST-001159,5
CUST-002236,5
CUST-001057,5
CUST-001058,5
CUST-001792,5
CUST-001583,5
CUST-001782,5
CUST-001784,5
CUST-001786,5
CUST-003191,5
CUST-003198,5
CUST-003170,5
CUST-003178,5
CUST-003179,5
CUST-000261,5
CUST-003152,5
CUST-003157,5
CUST-003159,5
CUST-003160,5
CUST-003164,5
CUST-000297,5
CUST-001552,5
CUST-001559,5
CUST-001539,5
CUST-001545,5
CUST-001550,5
CUST-001814,5
CUST-001819,5
CUST-001827,5
CUST-001799,5
CUST-001801,5
CUST-001806,5
CUST-001809,5
CUST-000272,5
CUST-000274,5
CUST-000277,5
CUST-001027,5
CUST-001162,5
CUST-001164,5
CUST-001167,5
CUST-001064,5
CUST-000329,5
CUST-003106,5
CUST-003112,5
CUST-003096,5
CUST-003102,5
CUST-003090,5
CUST-003092,5
CUST-003094,5
CUST-001523,5
CUST-001525,5
CUST-001531,5
CUST-001858,5
CUST-000336,5
CUST-000337,5
CUST-003056,5
CUST-000331,5
CUST-003040,5
CUST-000376,5
CUST-000377,5
CUST-000388,5
CUST-003019,5
CUST-003035,5
CUST-003037,5
CUST-000367,5
CUST-000374,5
CUST-003011,5
CUST-001478,5
CUST-001479,5
CUST-002201,5
CUST-002205,5
CUST-002207,5
CUST-000954,5
CUST-002370,5
CUST-002375,5
CUST-000983,5
CUST-000991,5
CUST-001010,5
CUST-001012,5
CUST-001884,5
CUST-001885,5
CUST-001865,5
CUST-001866,5
CUST-001867,5
CUST-000405,5
CUST-000411,5
CUST-000413,5
CUST-000415,5
CUST-003005,5
CUST-000396,5
CUST-000404,5
CUST-000925,5
CUST-000927,5
CUST-000935,5
CUST-000950,5
CUST-002397,5
CUST-002404,5
CUST-002390,5
CUST-002216,5
CUST-002985,5
CUST-002989,5
CUST-002991,5
CUST-002968,5
CUST-002973,5
CUST-000451,5
CUST-001918,5
CUST-001453,5
CUST-000438,5
CUST-001898,5
CUST-001910,5
CUST-001913,5
CUST-001481,5
CUST-001487,5
CUST-002923,5
CUST-002930,5
CUST-002938,5
CUST-002920,5
CUST-002921,5
CUST-000468,5
CUST-000486,5
CUST-002906,5
CUST-002907,5
CUST-002880,5
CUST-000507,5
CUST-002184,5
CUST-002193,5
CUST-001212,5
CUST-001229,5
CUST-002163,5
CUST-002173,5
CUST-002181,5
CUST-000897,5
CUST-002442,5
CUST-001943,5
CUST-001944,5
CUST-002875,5
CUST-002842,5
CUST-002850,5
CUST-000537,5
CUST-000543,5
CUST-002834,5
CUST-000527,5
CUST-000528,5
CUST-000530,5
CUST-002822,5
CUST-002826,5
CUST-002828,5
CUST-002833,5
CUST-002814,5
CUST-001978,5
CUST-001986,5
CUST-001416,5
CUST-001419,5
CUST-001430,5
CUST-000569,5
CUST-000576,5
CUST-002800,5
CUST-000860,5
CUST-000866,5
CUST-000870,5
CUST-002467,5
CUST-000855,5
CUST-001231,5
CUST-001236,5
CUST-001237,5
CUST-001241,5
CUST-000898,5
CUST-002768,5
CUST-000610,5
CUST-002755,5
CUST-002756,5
CUST-002761,5
CUST-002765,5
CUST-002766,5
CUST-000653,5
CUST-002027,5
CUST-001384,5
CUST-001393,5
CUST-002013,5
CUST-002015,5
CUST-000646,5
CUST-000650,5
CUST-000623,5
CUST-002719,5
CUST-002734,5
CUST-000683,5
CUST-002712,5
CUST-000658,5
CUST-001365,5
CUST-002691,5
CUST-001250,5
CUST-002147,5
CUST-000876,5
CUST-000882,5
CUST-000885,5
CUST-002049,5
CUST-002051,5
CUST-001402,5
CUST-001403,5
CUST-002660,5
CUST-002676,5
CUST-000693,5
CUST-000735,5
CUST-000738,5
CUST-002633,5
CUST-000779,5
CUST-001278,5
CUST-001281,5
CUST-001284,5
CUST-001329,5
CUST-001342,5
CUST-002089,5
CUST-000764,5
CUST-002598,5
CUST-000763,5
CUST-002130,5
CUST-002134,5
CUST-002135,5
CUST-002144,5
CUST-000851,5
CUST-002554,5
CUST-000828,5
CUST-002534,5
CUST-002546,5
CUST-002548,5
CUST-001266,5
CUST-001268,5
CUST-001271,5
CUST-002527,5
CUST-000792,5
CUST-000804,5
CUST-002557,5
CUST-002560,5
CUST-002567,5
CUST-000089,5
CUST-003316,5
CUST-000075,5
CUST-003311,5
CUST-001730,5
CUST-001732,5
CUST-000064,5
CUST-000068,5
CUST-003342,5
CUST-000098,5
CUST-003366,5
CUST-001679,5
CUST-000020,5
CUST-003400,4
CUST-000009,4
CUST-000003,4
CUST-001128,4
CUST-001604,4
CUST-001605,4
CUST-003352,4
CUST-000165,4
CUST-001666,4
CUST-000150,4
CUST-000796,4
CUST-000798,4
CUST-002571,4
CUST-000789,4
CUST-003322,4
CUST-000081,4
CUST-000083,4
CUST-003309,4
CUST-003312,4
CUST-003318,4
CUST-003245,4
CUST-003248,4
CUST-003264,4
CUST-000180,4
CUST-000192,4
CUST-003203,4
CUST-003210,4
CUST-002254,4
CUST-002257,4
CUST-001148,4
CUST-001596,4
CUST-000216,4
CUST-000217,4
CUST-001063,4
CUST-002246,4
CUST-001053,4
CUST-001582,4
CUST-001108,4
CUST-001770,4
CUST-001773,4
CUST-001791,4
CUST-000832,4
CUST-000835,4
CUST-000836,4
CUST-000843,4
CUST-000846,4
CUST-002531,4
CUST-002533,4
CUST-002540,4
CUST-002109,4
CUST-002110,4
CUST-002120,4
CUST-002124,4
CUST-001270,4
CUST-001273,4
CUST-002099,4
CUST-003190,4
CUST-000204,4
CUST-001624,4
CUST-003173,4
CUST-003186,4
CUST-000236,4
CUST-000287,4
CUST-000288,4
CUST-000292,4
CUST-000293,4
CUST-000295,4
CUST-003144,4
CUST-001282,4
CUST-000776,4
CUST-000784,4
CUST-002087,4
CUST-002601,4
CUST-001369,4
CUST-001312,4
CUST-000849,4
CUST-002549,4
CUST-000818,4
CUST-001540,4
CUST-001555,4
CUST-001557,4
CUST-001810,4
CUST-001811,4
CUST-001817,4
CUST-001037,4
CUST-001041,4
CUST-003130,4
CUST-003133,4
CUST-000280,4
CUST-002348,4
CUST-001026,4
CUST-001034,4
CUST-001035,4
CUST-002327,4
CUST-002342,4
CUST-001166,4
CUST-002323,4
CUST-000317,4
CUST-000325,4
CUST-003116,4
CUST-003129,4
CUST-003086,4
CUST-003093,4
CUST-000313,4
CUST-000702,4
CUST-000703,4
CUST-000708,4
CUST-002648,4
CUST-002656,4
CUST-002667,4
CUST-000746,4
CUST-000751,4
CUST-002620,4
CUST-002629,4
CUST-002630,4
CUST-002635,4
CUST-002640,4
CUST-001516,4
CUST-001517,4
CUST-001518,4
CUST-001527,4
CUST-001566,4
CUST-001832,4
CUST-003054,4
CUST-003063,4
CUST-000330,4
CUST-000343,4
CUST-000390,4
CUST-003039,4
CUST-003049,4
CUST-003029,4
CUST-000365,4
CUST-000378,4
CUST-001475,4
CUST-001477,4
CUST-003017,4
CUST-002198,4
CUST-002206,4
CUST-001886,4
CUST-001888,4
CUST-000953,4
CUST-001201,4
CUST-001245,4
CUST-001247,4
CUST-002508,4
CUST-002516,4
CUST-002517,4
CUST-002063,4
CUST-001356,4
CUST-000872,4
CUST-002489,4
CUST-002505,4
CUST-002045,4
CUST-002054,4
CUST-002058,4
CUST-001000,4
CUST-002355,4
CUST-002364,4
CUST-002374,4
CUST-002384,4
CUST-001875,4
CUST-001876,4
CUST-001882,4
CUST-000412,4
CUST-000423,4
CUST-001532,4
CUST-000400,4
CUST-002733,4
CUST-002739,4
CUST-002740,4
CUST-000664,4
CUST-002716,4
CUST-002696,4
CUST-002711,4
CUST-001258,4
CUST-001259,4
CUST-001364,4
CUST-002408,4
CUST-002419,4
CUST-000969,4
CUST-000980,4
CUST-000981,4
CUST-002396,4
CUST-002994,4
CUST-002211,4
CUST-002220,4
CUST-002980,4
CUST-002982,4
CUST-000448,4
CUST-002947,4
CUST-002948,4
CUST-001500,4
CUST-001899,4
CUST-001494,4
CUST-001495,4
CUST-001497,4
CUST-002932,4
CUST-002933,4
CUST-002940,4
CUST-002746,4
CUST-002750,4
CUST-002763,4
CUST-002026,4
CUST-001389,4
CUST-002006,4
CUST-002007,4
CUST-000630,4
CUST-002001,4
CUST-000477,4
CUST-000481,4
CUST-002912,4
CUST-002889,4
CUST-002891,4
CUST-000518,4
CUST-002881,4
CUST-002886,4
CUST-001210,4
CUST-001955,4
CUST-001958,4
CUST-001962,4
CUST-002166,4
CUST-000891,4
CUST-001953,4
CUST-002436,4
CUST-001472,4
CUST-002866,4
CUST-000496,4
CUST-001457,4
CUST-000548,4
CUST-002844,4
CUST-002860,4
CUST-000529,4
CUST-000531,4
CUST-000544,4
CUST-002838,4
CUST-002455,4
CUST-002463,4
CUST-000857,4
CUST-000858,4
CUST-000900,4
CUST-000914,4
CUST-000621,4
CUST-002788,4
CUST-002776,4
CUST-000591,4
CUST-000600,4
CUST-001971,4
CUST-001999,4
CUST-000578,4
CUST-001425,4
CUST-001966,4
CUST-001968,4
CUST-000575,4
CUST-000577,4
CUST-000867,4
CUST-000871,4
CUST-000117,4
CUST-000135,4
CUST-001685,4
CUST-001687,4
CUST-003280,4
CUST-001085,4
CUST-001087,4
CUST-001611,4
CUST-003269,4
CUST-002271,4
CUST-002272,4
CUST-001704,4
CUST-001719,4
CUST-001636,4
CUST-001638,4
CUST-001641,4
CUST-000043,4
CUST-000055,4
CUST-003337,4
CUST-003345,4
CUST-003392,4
CUST-000095,4
CUST-000039,4
CUST-000022,4
CUST-000027,4
CUST-000034,4
CUST-003371,4
CUST-000015,3
CUST-001172,3
CUST-003310,3
CUST-003321,3
CUST-000082,3
CUST-003244,3
CUST-003250,3
CUST-000138,3
CUST-003215,3
CUST-003221,3
CUST-000186,3
CUST-000198,3
CUST-002231,3
CUST-002238,3
CUST-000222,3
CUST-000582,3
CUST-002775,3
CUST-002777,3
CUST-000603,3
CUST-000618,3
CUST-000620,3
CUST-001423,3
CUST-001984,3
CUST-001990,3
CUST-002795,3
CUST-002796,3
CUST-002799,3
CUST-000132,3
CUST-001683,3
CUST-002789,3
CUST-002791,3
CUST-002309,3
CUST-001054,3
CUST-001585,3
CUST-001095,3
CUST-001099,3
CUST-001104,3
CUST-001110,3
CUST-002291,3
CUST-000829,3
CUST-000834,3
CUST-001767,3
CUST-001781,3
CUST-001790,3
CUST-002108,3
CUST-002525,3
CUST-002542,3
CUST-002544,3
CUST-000824,3
CUST-000541,3
CUST-000557,3
CUST-002851,3
CUST-002855,3
CUST-002813,3
CUST-002841,3
CUST-000533,3
CUST-000915,3
CUST-002472,3
CUST-002477,3
CUST-000588,3
CUST-002785,3
CUST-000899,3
CUST-000903,3
CUST-000904,3
CUST-001623,3
CUST-001626,3
CUST-001292,3
CUST-001303,3
CUST-002102,3
CUST-000243,3
CUST-000250,3
CUST-000259,3
CUST-000263,3
CUST-003183,3
CUST-003189,3
CUST-000207,3
CUST-003145,3
CUST-003163,3
CUST-000235,3
CUST-001277,3
CUST-002619,3
CUST-000896,3
CUST-001274,3
CUST-002180,3
CUST-002183,3
CUST-002189,3
CUST-002435,3
CUST-002439,3
CUST-000895,3
CUST-001934,3
CUST-001942,3
CUST-001951,3
CUST-002425,3
CUST-001460,3
CUST-001461,3
CUST-001465,3
CUST-001467,3
CUST-001321,3
CUST-002132,3
CUST-000813,3
CUST-002613,3
CUST-001804,3
CUST-001820,3
CUST-001546,3
CUST-001015,3
CUST-001028,3
CUST-001036,3
CUST-000276,3
CUST-000282,3
CUST-000652,3
CUST-002003,3
CUST-002019,3
CUST-002020,3
CUST-002025,3
CUST-000483,3
CUST-000490,3
CUST-002914,3
CUST-000624,3
CUST-002896,3
CUST-002901,3
CUST-000460,3
CUST-000464,3
CUST-000469,3
CUST-000471,3
CUST-001230,3
CUST-000504,3
CUST-000512,3
CUST-000513,3
CUST-000516,3
CUST-000523,3
CUST-002877,3
CUST-001445,3
CUST-001450,3
CUST-000446,3
CUST-002944,3
CUST-002951,3
CUST-001484,3
CUST-001502,3
CUST-001915,3
CUST-001924,3
CUST-002757,3
CUST-002762,3
CUST-002916,3
CUST-002919,3
CUST-002937,3
CUST-000427,3
CUST-001396,3
CUST-000655,3
CUST-002747,3
CUST-002754,3
CUST-001071,3
CUST-001077,3
CUST-002338,3
CUST-002340,3
CUST-002343,3
CUST-001161,3
CUST-001065,3
CUST-001070,3
CUST-000705,3
CUST-000359,3
CUST-003072,3
CUST-003103,3
CUST-000307,3
CUST-000749,3
CUST-000754,3
CUST-002654,3
CUST-000695,3
CUST-000697,3
CUST-002680,3
CUST-000657,3
CUST-000660,3
CUST-000921,3
CUST-000922,3
CUST-000938,3
CUST-001265,3
CUST-001362,3
CUST-002222,3
CUST-002224,3
CUST-000958,3
CUST-000961,3
CUST-002418,3
CUST-002974,3
CUST-002986,3
CUST-002988,3
CUST-002998,3
CUST-002210,3
CUST-002628,3
CUST-002643,3
CUST-002646,3
CUST-000728,3
CUST-000734,3
CUST-000737,3
CUST-000742,3
CUST-001851,3
CUST-003047,3
CUST-003066,3
CUST-000333,3
CUST-001562,3
CUST-003025,3
CUST-000379,3
CUST-000389,3
CUST-000990,3
CUST-000999,3
CUST-002357,3
CUST-002379,3
CUST-000410,3
CUST-000424,3
CUST-002737,3
CUST-000947,3
CUST-000661,3
CUST-000662,3
CUST-000690,3
CUST-002723,3
CUST-002728,3
CUST-001890,3
CUST-003014,3
CUST-003016,3
CUST-001254,3
CUST-000952,3
CUST-001206,3
CUST-002195,3
CUST-002156,3
CUST-002160,3
CUST-001246,3
CUST-001251,3
CUST-002055,3
CUST-002486,3
CUST-002512,3
CUST-001664,3
CUST-001746,3
CUST-003359,3
CUST-000153,3
CUST-001650,3
CUST-001652,3
CUST-001655,3
CUST-000809,3
CUST-000812,3
CUST-000144,3
CUST-000093,3
CUST-002570,3
CUST-002576,3
CUST-000790,3
CUST-003282,3
CUST-003291,3
CUST-000104,3
CUST-000114,3
CUST-000121,3
CUST-002269,3
CUST-002288,3
CUST-001080,3
CUST-003270,3
CUST-003343,3
CUST-001702,3
CUST-001637,3
CUST-003387,3
CUST-000099,3
CUST-000038,3
CUST-000067,3
CUST-003399,2
CUST-001691,2
CUST-001118,2
CUST-001055,2
CUST-001061,2
CUST-001681,2
CUST-002794,2
CUST-000561,2
CUST-001779,2
CUST-002310,2
CUST-002321,2
CUST-001051,2
CUST-000536,2
CUST-002852,2
CUST-002861,2
CUST-002872,2
CUST-000827,2
CUST-000856,2
CUST-000587,2
CUST-002815,2
CUST-002818,2
CUST-002821,2
CUST-002831,2
CUST-000395,2
CUST-000398,2
CUST-000416,2
CUST-000419,2
CUST-001873,2
CUST-001878,2
CUST-003009,2
CUST-000678,2
CUST-002724,2
CUST-003000,2
CUST-001183,2
CUST-001188,2
CUST-001207,2
CUST-002196,2
CUST-002504,2
CUST-002515,2
CUST-002153,2
CUST-002154,2
CUST-000967,2
CUST-000982,2
CUST-001261,2
CUST-000719,2
CUST-001530,2
CUST-002956,2
CUST-002971,2
CUST-002213,2
CUST-000394,2
CUST-003051,2
CUST-000344,2
CUST-001852,2
CUST-002378,2
CUST-002033,2
CUST-003018,2
CUST-000392,2
CUST-001296,2
CUST-001240,2
CUST-000905,2
CUST-000906,2
CUST-000916,2
CUST-003141,2
CUST-000238,2
CUST-000894,2
CUST-001276,2
CUST-001211,2
CUST-001288,2
CUST-000773,2
CUST-001936,2
CUST-001939,2
CUST-001940,2
CUST-002434,2
CUST-002445,2
CUST-002447,2
CUST-000887,2
CUST-001492,2
CUST-001928,2
CUST-000442,2
CUST-002954,2
CUST-002955,2
CUST-002887,2
CUST-002346,2
CUST-001392,2
CUST-002922,2
CUST-001480,2
CUST-000326,2
CUST-000327,2
CUST-001069,2
CUST-002328,2
CUST-002695,2
CUST-002705,2
CUST-002647,2
CUST-000696,2
CUST-000698,2
CUST-000711,2
CUST-002069,2
CUST-000495,2
CUST-001458,2
CUST-002126,2
CUST-002128,2
CUST-000765,2
CUST-001366,2
CUST-001816,2
CUST-001541,2
CUST-000631,2
CUST-002028,2
CUST-003303,2
CUST-003320,2
CUST-000072,2
CUST-000085,2
CUST-000091,2
CUST-000173,2
CUST-003235,2
CUST-003255,2
CUST-003204,2
CUST-000564,2
CUST-001969,2
CUST-001973,2
CUST-001656,2
CUST-001744,2
CUST-001761,2
CUST-003353,2
CUST-002038,2
CUST-000805,2
CUST-000811,2
CUST-000140,2
CUST-000154,2
CUST-003271,2
CUST-003278,2
CUST-003283,2
CUST-003290,2
CUST-003294,2
CUST-002559,2
CUST-003334,2
CUST-001728,2
CUST-003300,2
CUST-001140,2
CUST-002268,2
CUST-002289,2
CUST-001086,2
CUST-000041,1
CUST-000094,1
CUST-002562,1
CUST-002568,1
CUST-000791,1
CUST-000152,1
CUST-000155,1
CUST-000163,1
CUST-001657,1
CUST-001748,1
CUST-000568,1
CUST-001415,1
CUST-001420,1
CUST-001433,1
CUST-000580,1
CUST-000611,1
CUST-000616,1
CUST-002228,1
CUST-002230,1
CUST-001146,1
CUST-001153,1
CUST-003222,1
CUST-000190,1
CUST-003236,1
CUST-003242,1
CUST-003258,1
CUST-003302,1
CUST-003362,1
CUST-000025,1
CUST-001112,1
CUST-000459,1
CUST-000637,1
CUST-000638,1
CUST-000645,1
CUST-002012,1
CUST-002014,1
CUST-001023,1
CUST-001044,1
CUST-000268,1
CUST-001818,1
CUST-001829,1
CUST-001544,1
CUST-001549,1
CUST-000814,1
CUST-002609,1
CUST-000757,1
CUST-001320,1
CUST-001326,1
CUST-001340,1
CUST-001459,1
CUST-001464,1
CUST-002694,1
CUST-001401,1
CUST-000350,1
CUST-000315,1
CUST-003117,1
CUST-002335,1
CUST-001379,1
CUST-001388,1
CUST-002751,1
CUST-002936,1
CUST-001490,1
CUST-002894,1
CUST-000889,1
CUST-002178,1
CUST-002092,1
CUST-002094,1
CUST-000782,1
CUST-000286,1
CUST-003146,1
CUST-003149,1
CUST-003166,1
CUST-000256,1
CUST-000214,1
CUST-002101,1
CUST-002780,1
CUST-001883,1
CUST-002032,1
CUST-000384,1
CUST-000393,1
CUST-003068,1
CUST-003071,1
CUST-001567,1
CUST-001835,1
CUST-001509,1
CUST-001514,1
CUST-001528,1
CUST-002624,1
CUST-000919,1
CUST-000942,1
CUST-001255,1
CUST-002686,1
CUST-002042,1
CUST-002493,1
CUST-002145,1
CUST-001249,1
CUST-001197,1
CUST-001896,1
CUST-003006,1
CUST-003007,1
CUST-000688,1
CUST-002731,1
CUST-002422,1
CUST-003002,1
CUST-001533,1
CUST-001874,1
CUST-000917,1
CUST-000534,1
CUST-002104,1
CUST-002530,1
CUST-000825,1
CUST-000831,1
CUST-001578,1
CUST-001595,1
CUST-002320,1
CUST-000863,1
CUST-000869,1
CUST-002798,1
CUST-001116,1
CUST-001670,1
CUST-003391,1
CUST-000018,1
CUST-003375,1
CUST-000021,1
